{
	"bv_raw_pit_vss_days_contact_center_individual" : {"dependencies": ["bv_bv_raw_pit_vss_days_contact_center_individual_pit_init"], "schema": "edw_bv"},
	"bv_raw_pit_vss_days_survey" : {"dependencies": ["bv_bv_raw_pit_vss_days_survey_pit_init"], "schema": "edw_bv"},
	"bv_raw_pit_vss_days_survey_answer" : {"dependencies": ["bv_bv_raw_pit_vss_days_survey_answer_pit_init"], "schema": "edw_bv"},
	"bv_raw_pit_vss_days_survey_score" : {"dependencies": ["bv_bv_raw_pit_vss_days_survey_score_pit_init"], "schema": "edw_bv"},
	"bv_raw_pit_vss_days_quality_question" : {"dependencies": ["bv_bv_raw_pit_vss_days_quality_question_pit_init"], "schema": "edw_bv"},
	"bv_raw_pit_vss_days_quality_answer" : {"dependencies": ["bv_bv_raw_pit_vss_days_quality_answer_pit_init"], "schema": "edw_bv"},
	"bv_raw_pit_vss_days_quality_score" : {"dependencies": ["bv_bv_raw_pit_vss_days_quality_score_pit_init"], "schema": "edw_bv"},
	"bv_raw_pit_vss_days_quality_questionnaire" : {"dependencies": ["bv_bv_raw_pit_vss_days_quality_questionnaire_pit_init"], "schema": "edw_bv"},
	"bv_raw_pit_vss_days_stat_profile" : {"dependencies": ["bv_bv_raw_pit_vss_days_stat_profile_pit_init"], "schema": "edw_bv"},
	"bv_raw_pit_vss_days_stat_dimensions" : {"dependencies": ["bv_bv_raw_pit_vss_days_stat_dimensions_pit_init"], "schema": "edw_bv"},
	"bv_raw_pit_vss_days_branch" : {"dependencies": ["bv_bv_raw_pit_vss_days_branch_pit_init"], "schema": "edw_bv"},
	"bv_raw_pit_vss_days_supplier" : {"dependencies": ["bv_bv_raw_pit_vss_days_supplier_pit_init"], "schema": "edw_bv"},
	"bv_raw_pit_vss_days_article" : {"dependencies": ["bv_bv_raw_pit_vss_days_article_pit_init"], "schema": "edw_bv"},
	"bv_raw_pit_vss_days_brand" : {"dependencies": ["bv_bv_raw_pit_vss_days_brand_pit_init"], "schema": "edw_bv"},
	"bv_raw_pit_vss_days_sessions" : {"dependencies": ["bv_bv_raw_pit_vss_days_sessions_pit_init"], "schema": "edw_bv"},
	"bv_raw_pit_vss_days_processing_history" : {"dependencies": ["bv_bv_raw_pit_vss_days_processing_history_pit_init"], "schema": "edw_bv"},
	"bv_raw_pit_vss_days_reporting_history" : {"dependencies": ["bv_bv_raw_pit_vss_days_reporting_history_pit_init"], "schema": "edw_bv"},
	"bv_raw_pit_vss_days_devicecontracts" : {"dependencies": ["bv_bv_raw_pit_vss_days_devicecontracts_pit_init"], "schema": "edw_bv"},
	"bv_raw_pit_vss_days_devices_charging_points" : {"dependencies": ["bv_bv_raw_pit_vss_days_devices_charging_points_pit_init"], "schema": "edw_bv"},
	"bv_raw_pit_vss_days_stations" : {"dependencies": ["bv_bv_raw_pit_vss_days_stations_pit_init"], "schema": "edw_bv"},
	"bv_raw_pit_vss_days_devices" : {"dependencies": ["bv_bv_raw_pit_vss_days_devices_pit_init"], "schema": "edw_bv"},
	"bv_raw_pit_vss_days_standard_order" : {"dependencies": ["bv_bv_raw_pit_vss_days_standard_order_pit_init"], "schema": "edw_bv"},
	"bv_raw_pit_vss_days_standard_order_quantity" : {"dependencies": ["bv_bv_raw_pit_vss_days_standard_order_quantity_pit_init"], "schema": "edw_bv"},
	"bv_raw_pit_vss_days_subscriptions" : {"dependencies": ["bv_bv_raw_pit_vss_days_subscriptions_pit_init"], "schema": "edw_bv"},
	"bv_raw_pit_vss_days_charging_cards" : {"dependencies": ["bv_bv_raw_pit_vss_days_charging_cards_pit_init"], "schema": "edw_bv"},
	"bv_raw_pit_vss_days_subscribers" : {"dependencies": ["bv_bv_raw_pit_vss_days_subscribers_pit_init"], "schema": "edw_bv"},
	"bv_raw_pit_vss_days_subscription_types" : {"dependencies": ["bv_bv_raw_pit_vss_days_subscription_types_pit_init"], "schema": "edw_bv"},
	"bv_raw_pit_vss_days_retailtradeitem" : {"dependencies": ["bv_bv_raw_pit_vss_days_retailtradeitem_pit_init"], "schema": "edw_bv"},
	"bv_raw_pit_vss_days_retailproduct" : {"dependencies": ["bv_bv_raw_pit_vss_days_retailproduct_pit_init"], "schema": "edw_bv"},
	"bv_raw_pit_vss_days_retailbaseproduct" : {"dependencies": ["bv_bv_raw_pit_vss_days_retailbaseproduct_pit_init"], "schema": "edw_bv"},
	"bv_raw_pit_vss_days_store_replenishment_orderline" : {"dependencies": ["bv_bv_raw_pit_vss_days_store_replenishment_orderline_pit_init"], "schema": "edw_bv"},
	"bv_raw_pit_vss_days_store_replenishment_order" : {"dependencies": ["bv_bv_raw_pit_vss_days_store_replenishment_order_pit_init"], "schema": "edw_bv"},
	"bv_raw_pit_vss_days_orderline_outbound_detail" : {"dependencies": ["bv_bv_raw_pit_vss_days_orderline_outbound_detail_pit_init"], "schema": "edw_bv"},
	"bv_raw_pit_vss_days_outbound_logistic_orderline_info" : {"dependencies": ["bv_bv_raw_pit_vss_days_outbound_logistic_orderline_info_pit_init"], "schema": "edw_bv"},
	"bv_raw_pit_vss_days_outbound_orderline_status" : {"dependencies": ["bv_bv_raw_pit_vss_days_outbound_orderline_status_pit_init"], "schema": "edw_bv"},
	"bv_raw_pit_vss_days_outbound_order_status" : {"dependencies": ["bv_bv_raw_pit_vss_days_outbound_order_status_pit_init"], "schema": "edw_bv"},
	"bv_raw_pit_vss_days_outbound_logistic_orderline" : {"dependencies": ["bv_bv_raw_pit_vss_days_outbound_logistic_orderline_pit_init"], "schema": "edw_bv"},
	"bv_raw_pit_vss_days_orderline_type" : {"dependencies": ["bv_bv_raw_pit_vss_days_orderline_type_pit_init"], "schema": "edw_bv"},
	"bv_raw_pit_vss_days_colruyt_group_corporate_product_category" : {"dependencies": ["bv_bv_raw_pit_vss_days_colruyt_group_corporate_product_category_pit_init"], "schema": "edw_bv"},
	"bv_raw_pit_vss_days_operating_unit" : {"dependencies": ["bv_bv_raw_pit_vss_days_operating_unit_pit_init"], "schema": "edw_bv"},
	"bv_raw_pit_vss_days_colruyt_group_corporate_product_group" : {"dependencies": ["bv_bv_raw_pit_vss_days_colruyt_group_corporate_product_group_pit_init"], "schema": "edw_bv"},
	"bv_raw_pit_vss_days_colruyt_group_corporate_main_category" : {"dependencies": ["bv_bv_raw_pit_vss_days_colruyt_group_corporate_main_category_pit_init"], "schema": "edw_bv"},
	"bv_raw_pit_vss_days_colruyt_group_corporate_product_segment" : {"dependencies": ["bv_bv_raw_pit_vss_days_colruyt_group_corporate_product_segment_pit_init"], "schema": "edw_bv"},
	"bv_raw_pit_vss_days_customer_party" : {"dependencies": ["bv_bv_raw_pit_vss_days_customer_party_pit_init"], "schema": "edw_bv"},
	"bv_raw_pit_vss_days_customer_supplier_party" : {"dependencies": ["bv_bv_raw_pit_vss_days_customer_supplier_party_pit_init"], "schema": "edw_bv"},
	"bv_raw_pit_vss_days_customer_supplier_party_channel" : {"dependencies": ["bv_bv_raw_pit_vss_days_customer_supplier_party_channel_pit_init"], "schema": "edw_bv"},
	"bv_raw_pit_vss_days_base_product_battery_content" : {"dependencies": ["bv_bv_raw_pit_vss_days_base_product_battery_content_pit_init"], "schema": "edw_bv"},
	"bv_raw_pit_vss_days_article_batterys_included" : {"dependencies": ["bv_bv_raw_pit_vss_days_article_batterys_included_pit_init"], "schema": "edw_bv"},
	"bv_raw_pit_vss_days_aggregated_customer_supplier_party" : {"dependencies": ["bv_bv_raw_pit_vss_days_aggregated_customer_supplier_party_pit_init"], "schema": "edw_bv"},
	"bv_raw_pit_vss_days_purchase_reception_line" : {"dependencies": ["bv_bv_raw_pit_vss_days_purchase_reception_line_pit_init"], "schema": "edw_bv"},
	"bv_raw_pit_vss_days_supplier_invoice" : {"dependencies": ["bv_bv_raw_pit_vss_days_supplier_invoice_pit_init"], "schema": "edw_bv"},
	"bv_raw_pit_vss_days_article_actual_stock" : {"dependencies": ["bv_bv_raw_pit_vss_days_article_actual_stock_pit_init"], "schema": "edw_bv"},
	"bv_raw_pit_vss_days_purchase_reception" : {"dependencies": ["bv_bv_raw_pit_vss_days_purchase_reception_pit_init"], "schema": "edw_bv"},
	"bv_raw_pit_vss_days_employee_geographical_mobility_preference" : {"dependencies": ["bv_bv_raw_pit_vss_days_employee_geographical_mobility_preference_pit_init"], "schema": "edw_bv"},
	"bv_raw_pit_vss_days_employee_maximum_growth" : {"dependencies": ["bv_bv_raw_pit_vss_days_employee_maximum_growth_pit_init"], "schema": "edw_bv"},
	"bv_raw_pit_vss_days_employee_9box_position" : {"dependencies": ["bv_bv_raw_pit_vss_days_employee_9box_position_pit_init"], "schema": "edw_bv"},
	"bv_raw_pit_vss_days_employee_9box_assessability" : {"dependencies": ["bv_bv_raw_pit_vss_days_employee_9box_assessability_pit_init"], "schema": "edw_bv"},
	"bv_raw_pit_vss_days_employee_manager_action" : {"dependencies": ["bv_bv_raw_pit_vss_days_employee_manager_action_pit_init"], "schema": "edw_bv"},
	"bv_raw_pit_vss_days_employee_job_satisfaction_evaluation" : {"dependencies": ["bv_bv_raw_pit_vss_days_employee_job_satisfaction_evaluation_pit_init"], "schema": "edw_bv"},
	"bv_raw_pit_vss_days_employee_evaluation_others" : {"dependencies": ["bv_bv_raw_pit_vss_days_employee_evaluation_others_pit_init"], "schema": "edw_bv"},
	"bv_raw_pit_vss_days_coworker" : {"dependencies": ["bv_bv_raw_pit_vss_days_coworker_pit_init"], "schema": "edw_bv"},
	"bv_raw_pit_vss_days_employee_geographical_mobility_location" : {"dependencies": ["bv_bv_raw_pit_vss_days_employee_geographical_mobility_location_pit_init"], "schema": "edw_bv"},
	"bv_raw_pit_vss_days_employee_functional_mobility_interest" : {"dependencies": ["bv_bv_raw_pit_vss_days_employee_functional_mobility_interest_pit_init"], "schema": "edw_bv"},
	"bv_raw_pit_vss_days_purchase_order" : {"dependencies": ["bv_bv_raw_pit_vss_days_purchase_order_pit_init"], "schema": "edw_bv"},
	"bv_raw_pit_vss_days_purchase_order_line" : {"dependencies": ["bv_bv_raw_pit_vss_days_purchase_order_line_pit_init"], "schema": "edw_bv"},
	"bv_raw_pit_vss_days_price_article" : {"dependencies": ["bv_bv_raw_pit_vss_days_price_article_pit_init"], "schema": "edw_bv"},
	"bv_raw_pit_vss_days_colruyt_group_chain" : {"dependencies": ["bv_bv_raw_pit_vss_days_colruyt_group_chain_pit_init"], "schema": "edw_bv"},
	"bv_raw_pit_vss_days_price_point" : {"dependencies": ["bv_bv_raw_pit_vss_days_price_point_pit_init"], "schema": "edw_bv"},
	"bv_raw_pit_vss_days_coworker_review_campaign" : {"dependencies": ["bv_bv_raw_pit_vss_days_coworker_review_campaign_pit_init"], "schema": "edw_bv"},
	"bv_raw_pit_vss_days_coworker_review_form_template" : {"dependencies": ["bv_bv_raw_pit_vss_days_coworker_review_form_template_pit_init"], "schema": "edw_bv"},
	"bv_raw_pit_vss_days_coworker_review_item" : {"dependencies": ["bv_bv_raw_pit_vss_days_coworker_review_item_pit_init"], "schema": "edw_bv"},
	"bv_raw_pit_vss_days_coworker_review_item_type" : {"dependencies": ["bv_bv_raw_pit_vss_days_coworker_review_item_type_pit_init"], "schema": "edw_bv"},
	"bv_raw_pit_vss_days_employee_mobility_review" : {"dependencies": ["bv_bv_raw_pit_vss_days_employee_mobility_review_pit_init"], "schema": "edw_bv"},
	"bv_raw_pit_vss_days_interaction_summary" : {"dependencies": ["bv_bv_raw_pit_vss_days_interaction_summary_pit_init"], "schema": "edw_bv"},
	"bv_raw_pit_vss_days_workgroup_email_statistics" : {"dependencies": ["bv_bv_raw_pit_vss_days_workgroup_email_statistics_pit_init"], "schema": "edw_bv"},
	"bv_raw_pit_vss_days_prcg_sales_price" : {"dependencies": ["bv_bv_raw_pit_vss_days_prcg_sales_price_pit_init"], "schema": "edw_bv"},
	"bv_raw_pit_vss_days_prmp_folder" : {"dependencies": ["bv_bv_raw_pit_vss_days_prmp_folder_pit_init"], "schema": "edw_bv"},
	"bv_raw_pit_vss_days_prmp_folder_item" : {"dependencies": ["bv_bv_raw_pit_vss_days_prmp_folder_item_pit_init"], "schema": "edw_bv"},
	"bv_raw_pit_vss_days_ref_price_type" : {"dependencies": ["bv_bv_raw_pit_vss_days_ref_price_type_pit_init"], "schema": "edw_bv"},
	"bv_raw_pit_vss_days_account_contactee" : {"dependencies": ["bv_bv_raw_pit_vss_days_account_contactee_pit_init"], "schema": "edw_bv"},
	"bv_raw_pit_vss_days_ticket" : {"dependencies": ["bv_bv_raw_pit_vss_days_ticket_pit_init"], "schema": "edw_bv"},
	"bv_raw_pit_vss_days_ticket_log" : {"dependencies": ["bv_bv_raw_pit_vss_days_ticket_log_pit_init"], "schema": "edw_bv"},
	"bv_raw_pit_vss_days_contactee" : {"dependencies": ["bv_bv_raw_pit_vss_days_contactee_pit_init"], "schema": "edw_bv"},
	"bv_raw_pit_vss_days_email_template" : {"dependencies": ["bv_bv_raw_pit_vss_days_email_template_pit_init"], "schema": "edw_bv"},
	"bv_raw_pit_vss_days_user" : {"dependencies": ["bv_bv_raw_pit_vss_days_user_pit_init"], "schema": "edw_bv"},
	"bv_raw_pit_vss_days_workorder" : {"dependencies": ["bv_bv_raw_pit_vss_days_workorder_pit_init"], "schema": "edw_bv"},
	"bv_raw_pit_vss_days_contactcenter_service" : {"dependencies": ["bv_bv_raw_pit_vss_days_contactcenter_service_pit_init"], "schema": "edw_bv"},
	"bv_raw_pit_vss_days_receipt_article" : {"dependencies": ["bv_bv_raw_pit_vss_days_receipt_article_pit_init"], "schema": "edw_bv"},
	"bv_raw_pit_vss_days_receipt" : {"dependencies": ["bv_bv_raw_pit_vss_days_receipt_pit_init"], "schema": "edw_bv"},
	"bv_raw_pit_vss_days_survey_question" : {"dependencies": ["bv_bv_raw_pit_vss_days_survey_question_pit_init"], "schema": "edw_bv"},
	"bv_raw_pit_vss_days_forecast_seasonal_period" : {"dependencies": ["bv_bv_raw_pit_vss_days_forecast_seasonal_period_pit_init"], "schema": "edw_bv"},
	"bv_raw_pit_vss_days_forecast_assortment" : {"dependencies": ["bv_bv_raw_pit_vss_days_forecast_assortment_pit_init"], "schema": "edw_bv"},
	"bv_raw_pit_vss_days_article_market_commerce" : {"dependencies": ["bv_bv_raw_pit_vss_days_article_market_commerce_pit_init"], "schema": "edw_bv"},
	"bv_raw_pit_vss_days_forecast_point" : {"dependencies": ["bv_bv_raw_pit_vss_days_forecast_point_pit_init"], "schema": "edw_bv"},
	"bv_raw_pit_vss_days_forecast_commerce" : {"dependencies": ["bv_bv_raw_pit_vss_days_forecast_commerce_pit_init"], "schema": "edw_bv"},
	"bv_raw_pit_vss_days_forecast_market_commerce" : {"dependencies": ["bv_bv_raw_pit_vss_days_forecast_market_commerce_pit_init"], "schema": "edw_bv"},
	"bv_raw_pit_vss_days_forecast_collection_purpose" : {"dependencies": ["bv_bv_raw_pit_vss_days_forecast_collection_purpose_pit_init"], "schema": "edw_bv"},
	"bv_raw_pit_vss_days_forecast_article_cluster" : {"dependencies": ["bv_bv_raw_pit_vss_days_forecast_article_cluster_pit_init"], "schema": "edw_bv"},
	"bv_raw_pit_vss_days_forecast_article_collection" : {"dependencies": ["bv_bv_raw_pit_vss_days_forecast_article_collection_pit_init"], "schema": "edw_bv"},
	"bv_raw_pit_vss_days_financial_arrangement" : {"dependencies": ["bv_bv_raw_pit_vss_days_financial_arrangement_pit_init"], "schema": "edw_bv"},
	"bv_raw_pit_vss_days_allergen_type_code" : {"dependencies": ["bv_bv_raw_pit_vss_days_allergen_type_code_pit_init"], "schema": "edw_bv"},
	"bv_raw_pit_vss_days_retail_article_on_instore_location_search" : {"dependencies": ["bv_bv_raw_pit_vss_days_retail_article_on_instore_location_search_pit_init"], "schema": "edw_bv"},
	"bv_raw_pit_vss_days_article_language_code" : {"dependencies": ["bv_bv_raw_pit_vss_days_article_language_code_pit_init"], "schema": "edw_bv"},
	"bv_raw_pit_vss_days_physical_address_reachability" : {"dependencies": ["bv_bv_raw_pit_vss_days_physical_address_reachability_pit_init"], "schema": "edw_bv"},
	"bv_raw_pit_vss_days_surveyscore_survey" : {"dependencies": ["bv_bv_raw_pit_vss_days_surveyscore_survey_pit_init"], "schema": "edw_bv"},
	"bv_raw_pit_vss_days_surveyanswer_surveyscore" : {"dependencies": ["bv_bv_raw_pit_vss_days_surveyanswer_surveyscore_pit_init"], "schema": "edw_bv"},
	"bv_raw_pit_vss_days_qualityscore_qualityquestionnaire" : {"dependencies": ["bv_bv_raw_pit_vss_days_qualityscore_qualityquestionnaire_pit_init"], "schema": "edw_bv"},
	"bv_raw_pit_vss_days_qualityscore_contactcenterindividual_targetindivid" : {"dependencies": ["bv_bv_raw_pit_vss_days_qualityscore_contactcenterindividual_targetindivid_pit_init"], "schema": "edw_bv"},
	"bv_raw_pit_vss_days_qualityanswer_qualityscore" : {"dependencies": ["bv_bv_raw_pit_vss_days_qualityanswer_qualityscore_pit_init"], "schema": "edw_bv"},
	"bv_raw_pit_vss_days_qualityanswer_qualityquestion" : {"dependencies": ["bv_bv_raw_pit_vss_days_qualityanswer_qualityquestion_pit_init"], "schema": "edw_bv"},
	"bv_raw_pit_vss_days_statprofile_statdimensions" : {"dependencies": ["bv_bv_raw_pit_vss_days_statprofile_statdimensions_pit_init"], "schema": "edw_bv"},
	"bv_raw_pit_vss_days_statdimensions_statdimensions_summdimensionset" : {"dependencies": ["bv_bv_raw_pit_vss_days_statdimensions_statdimensions_summdimensionset_pit_init"], "schema": "edw_bv"},
	"bv_raw_pit_vss_days_sessions_processinghistory" : {"dependencies": ["bv_bv_raw_pit_vss_days_sessions_processinghistory_pit_init"], "schema": "edw_bv"},
	"bv_raw_pit_vss_days_sessions_reportinghistory" : {"dependencies": ["bv_bv_raw_pit_vss_days_sessions_reportinghistory_pit_init"], "schema": "edw_bv"},
	"bv_raw_pit_vss_days_devices_stations" : {"dependencies": ["bv_bv_raw_pit_vss_days_devices_stations_pit_init"], "schema": "edw_bv"},
	"bv_raw_pit_vss_days_sessions_stations" : {"dependencies": ["bv_bv_raw_pit_vss_days_sessions_stations_pit_init"], "schema": "edw_bv"},
	"bv_raw_pit_vss_days_sessions_deviceschargingpoints" : {"dependencies": ["bv_bv_raw_pit_vss_days_sessions_deviceschargingpoints_pit_init"], "schema": "edw_bv"},
	"bv_raw_pit_vss_days_deviceschargingpoints_devices" : {"dependencies": ["bv_bv_raw_pit_vss_days_deviceschargingpoints_devices_pit_init"], "schema": "edw_bv"},
	"bv_raw_pit_vss_days_devicecontracts_devices" : {"dependencies": ["bv_bv_raw_pit_vss_days_devicecontracts_devices_pit_init"], "schema": "edw_bv"},
	"bv_raw_pit_vss_days_standardorderquantity_standardorder" : {"dependencies": ["bv_bv_raw_pit_vss_days_standardorderquantity_standardorder_pit_init"], "schema": "edw_bv"},
	"bv_raw_pit_vss_days_chargingcards_subscribers" : {"dependencies": ["bv_bv_raw_pit_vss_days_chargingcards_subscribers_pit_init"], "schema": "edw_bv"},
	"bv_raw_pit_vss_days_storereplenishmentorderline_storereplenishmentorder" : {"dependencies": ["bv_bv_raw_pit_vss_days_storereplenishmentorderline_storereplenishmentorder_pit_init"], "schema": "edw_bv"},
	"bv_raw_pit_vss_days_orderlineoutbounddetail_outboundlogisticorderline" : {"dependencies": ["bv_bv_raw_pit_vss_days_orderlineoutbounddetail_outboundlogisticorderline_pit_init"], "schema": "edw_bv"},
	"bv_raw_pit_vss_days_orderlineoutbounddetail_outboundorderstatus" : {"dependencies": ["bv_bv_raw_pit_vss_days_orderlineoutbounddetail_outboundorderstatus_pit_init"], "schema": "edw_bv"},
	"bv_raw_pit_vss_days_outboundlogisticorderlineinfo_outboundlogisticorderline" : {"dependencies": ["bv_bv_raw_pit_vss_days_outboundlogisticorderlineinfo_outboundlogisticorderline_pit_init"], "schema": "edw_bv"},
	"bv_raw_pit_vss_days_outboundlogisticorderline_orderlinetype" : {"dependencies": ["bv_bv_raw_pit_vss_days_outboundlogisticorderline_orderlinetype_pit_init"], "schema": "edw_bv"},
	"bv_raw_pit_vss_days_outboundlogisticorderline_logisticvariationform" : {"dependencies": ["bv_bv_raw_pit_vss_days_outboundlogisticorderline_logisticvariationform_pit_init"], "schema": "edw_bv"},
	"bv_raw_pit_vss_days_outboundlogisticorderline_outboundorderlinestatus" : {"dependencies": ["bv_bv_raw_pit_vss_days_outboundlogisticorderline_outboundorderlinestatus_pit_init"], "schema": "edw_bv"},
	"bv_raw_pit_vss_days_outboundlogisticorderline_outboundlogisticorder" : {"dependencies": ["bv_bv_raw_pit_vss_days_outboundlogisticorderline_outboundlogisticorder_pit_init"], "schema": "edw_bv"},
	"bv_raw_pit_vss_days_colruytgroupcorporateproductcatgry_colruytgroupcorporatemaincatgry" : {"dependencies": ["bv_bv_raw_pit_vss_days_colruytgroupcorporateproductcatgry_colruytgroupcorporatemaincatgry_pit_init"], "schema": "edw_bv"},
	"bv_raw_pit_vss_days_stepproductgrp_colruytgroupcorporateproductcatgry" : {"dependencies": ["bv_bv_raw_pit_vss_days_stepproductgrp_colruytgroupcorporateproductcatgry_pit_init"], "schema": "edw_bv"},
	"bv_raw_pit_vss_days_colruytgroupcorporatemaincatgry_operating_unit" : {"dependencies": ["bv_bv_raw_pit_vss_days_colruytgroupcorporatemaincatgry_operating_unit_pit_init"], "schema": "edw_bv"},
	"bv_raw_pit_vss_days_customer_supplier_party_customer_supplier_party_channel_customer_supplier_party" : {"dependencies": ["bv_bv_raw_pit_vss_days_customer_supplier_party_customer_supplier_party_channel_customer_supplier_party_pit_init"], "schema": "edw_bv"},
	"bv_raw_pit_vss_days_purchasereceptionline_supplier" : {"dependencies": ["bv_bv_raw_pit_vss_days_purchasereceptionline_supplier_pit_init"], "schema": "edw_bv"},
	"bv_raw_pit_vss_days_purchasereceptionline_article" : {"dependencies": ["bv_bv_raw_pit_vss_days_purchasereceptionline_article_pit_init"], "schema": "edw_bv"},
	"bv_raw_pit_vss_days_employeegeographicalmobilitypreference_coworker" : {"dependencies": ["bv_bv_raw_pit_vss_days_employeegeographicalmobilitypreference_coworker_pit_init"], "schema": "edw_bv"},
	"bv_raw_pit_vss_days_employeemaximumgrowth_coworker" : {"dependencies": ["bv_bv_raw_pit_vss_days_employeemaximumgrowth_coworker_pit_init"], "schema": "edw_bv"},
	"bv_raw_pit_vss_days_employee9boxposition_coworker" : {"dependencies": ["bv_bv_raw_pit_vss_days_employee9boxposition_coworker_pit_init"], "schema": "edw_bv"},
	"bv_raw_pit_vss_days_employee9boxassessability_coworker" : {"dependencies": ["bv_bv_raw_pit_vss_days_employee9boxassessability_coworker_pit_init"], "schema": "edw_bv"},
	"bv_raw_pit_vss_days_employeemanageraction_coworker" : {"dependencies": ["bv_bv_raw_pit_vss_days_employeemanageraction_coworker_pit_init"], "schema": "edw_bv"},
	"bv_raw_pit_vss_days_employeejobsatisfactionevaluation_coworker" : {"dependencies": ["bv_bv_raw_pit_vss_days_employeejobsatisfactionevaluation_coworker_pit_init"], "schema": "edw_bv"},
	"bv_raw_pit_vss_days_employeecompetencestrengthimprovement_coworker" : {"dependencies": ["bv_bv_raw_pit_vss_days_employeecompetencestrengthimprovement_coworker_pit_init"], "schema": "edw_bv"},
	"bv_raw_pit_vss_days_employeeevaluationothers_coworker" : {"dependencies": ["bv_bv_raw_pit_vss_days_employeeevaluationothers_coworker_pit_init"], "schema": "edw_bv"},
	"bv_raw_pit_vss_days_employeegeographicalmobilitylocation_coworker" : {"dependencies": ["bv_bv_raw_pit_vss_days_employeegeographicalmobilitylocation_coworker_pit_init"], "schema": "edw_bv"},
	"bv_raw_pit_vss_days_employeefunctionalmobilityinterest_coworker" : {"dependencies": ["bv_bv_raw_pit_vss_days_employeefunctionalmobilityinterest_coworker_pit_init"], "schema": "edw_bv"},
	"bv_raw_pit_vss_days_purchaseorderline_purchaseorder" : {"dependencies": ["bv_bv_raw_pit_vss_days_purchaseorderline_purchaseorder_pit_init"], "schema": "edw_bv"},
	"bv_raw_pit_vss_days_purchaseorderline_article" : {"dependencies": ["bv_bv_raw_pit_vss_days_purchaseorderline_article_pit_init"], "schema": "edw_bv"},
	"bv_raw_pit_vss_days_purchaseorder_supplier" : {"dependencies": ["bv_bv_raw_pit_vss_days_purchaseorder_supplier_pit_init"], "schema": "edw_bv"},
	"bv_raw_pit_vss_days_purchasereceptionline_purchaseorderline" : {"dependencies": ["bv_bv_raw_pit_vss_days_purchasereceptionline_purchaseorderline_pit_init"], "schema": "edw_bv"},
	"bv_raw_pit_vss_days_employeegeographicalmobilitypreference_coworkerreviewcampaign" : {"dependencies": ["bv_bv_raw_pit_vss_days_employeegeographicalmobilitypreference_coworkerreviewcampaign_pit_init"], "schema": "edw_bv"},
	"bv_raw_pit_vss_days_employeegeographicalmobilitypreference_coworkerreviewitem" : {"dependencies": ["bv_bv_raw_pit_vss_days_employeegeographicalmobilitypreference_coworkerreviewitem_pit_init"], "schema": "edw_bv"},
	"bv_raw_pit_vss_days_employeegeographicalmobilitypreference_coworkerreviewitemtype" : {"dependencies": ["bv_bv_raw_pit_vss_days_employeegeographicalmobilitypreference_coworkerreviewitemtype_pit_init"], "schema": "edw_bv"},
	"bv_raw_pit_vss_days_employeegeographicalmobilitypreference_coworkerreviewformtemplate" : {"dependencies": ["bv_bv_raw_pit_vss_days_employeegeographicalmobilitypreference_coworkerreviewformtemplate_pit_init"], "schema": "edw_bv"},
	"bv_raw_pit_vss_days_employeemaximumgrowth_coworkerreviewformtemplate" : {"dependencies": ["bv_bv_raw_pit_vss_days_employeemaximumgrowth_coworkerreviewformtemplate_pit_init"], "schema": "edw_bv"},
	"bv_raw_pit_vss_days_employeemaximumgrowth_coworkerreviewcampaign" : {"dependencies": ["bv_bv_raw_pit_vss_days_employeemaximumgrowth_coworkerreviewcampaign_pit_init"], "schema": "edw_bv"},
	"bv_raw_pit_vss_days_employeemaximumgrowth_coworkerreviewitem" : {"dependencies": ["bv_bv_raw_pit_vss_days_employeemaximumgrowth_coworkerreviewitem_pit_init"], "schema": "edw_bv"},
	"bv_raw_pit_vss_days_employeemaximumgrowth_coworkerreviewitemtype" : {"dependencies": ["bv_bv_raw_pit_vss_days_employeemaximumgrowth_coworkerreviewitemtype_pit_init"], "schema": "edw_bv"},
	"bv_raw_pit_vss_days_employee9boxposition_coworkerreviewformtemplate" : {"dependencies": ["bv_bv_raw_pit_vss_days_employee9boxposition_coworkerreviewformtemplate_pit_init"], "schema": "edw_bv"},
	"bv_raw_pit_vss_days_employee9boxposition_coworkerreviewcampaign" : {"dependencies": ["bv_bv_raw_pit_vss_days_employee9boxposition_coworkerreviewcampaign_pit_init"], "schema": "edw_bv"},
	"bv_raw_pit_vss_days_employee9boxposition_coworkerreviewitem" : {"dependencies": ["bv_bv_raw_pit_vss_days_employee9boxposition_coworkerreviewitem_pit_init"], "schema": "edw_bv"},
	"bv_raw_pit_vss_days_employee9boxposition_coworkerreviewitemtype" : {"dependencies": ["bv_bv_raw_pit_vss_days_employee9boxposition_coworkerreviewitemtype_pit_init"], "schema": "edw_bv"},
	"bv_raw_pit_vss_days_employeemanageraction_coworkerreviewcampaign" : {"dependencies": ["bv_bv_raw_pit_vss_days_employeemanageraction_coworkerreviewcampaign_pit_init"], "schema": "edw_bv"},
	"bv_raw_pit_vss_days_employeemanageraction_coworkerreviewitem" : {"dependencies": ["bv_bv_raw_pit_vss_days_employeemanageraction_coworkerreviewitem_pit_init"], "schema": "edw_bv"},
	"bv_raw_pit_vss_days_employeemanageraction_coworkerreviewitemtype" : {"dependencies": ["bv_bv_raw_pit_vss_days_employeemanageraction_coworkerreviewitemtype_pit_init"], "schema": "edw_bv"},
	"bv_raw_pit_vss_days_employeemanageraction_coworkerreviewformtemplate" : {"dependencies": ["bv_bv_raw_pit_vss_days_employeemanageraction_coworkerreviewformtemplate_pit_init"], "schema": "edw_bv"},
	"bv_raw_pit_vss_days_employeejobsatisfactionevaluation_coworkerreviewcampaign" : {"dependencies": ["bv_bv_raw_pit_vss_days_employeejobsatisfactionevaluation_coworkerreviewcampaign_pit_init"], "schema": "edw_bv"},
	"bv_raw_pit_vss_days_employeejobsatisfactionevaluation_coworkerreviewitem" : {"dependencies": ["bv_bv_raw_pit_vss_days_employeejobsatisfactionevaluation_coworkerreviewitem_pit_init"], "schema": "edw_bv"},
	"bv_raw_pit_vss_days_employeejobsatisfactionevaluation_coworkerreviewitemtype" : {"dependencies": ["bv_bv_raw_pit_vss_days_employeejobsatisfactionevaluation_coworkerreviewitemtype_pit_init"], "schema": "edw_bv"},
	"bv_raw_pit_vss_days_employeejobsatisfactionevaluation_coworkerreviewformtemplate" : {"dependencies": ["bv_bv_raw_pit_vss_days_employeejobsatisfactionevaluation_coworkerreviewformtemplate_pit_init"], "schema": "edw_bv"},
	"bv_raw_pit_vss_days_employeeevaluationothers_coworkerreviewcampaign" : {"dependencies": ["bv_bv_raw_pit_vss_days_employeeevaluationothers_coworkerreviewcampaign_pit_init"], "schema": "edw_bv"},
	"bv_raw_pit_vss_days_employeeevaluationothers_coworkerreviewitem" : {"dependencies": ["bv_bv_raw_pit_vss_days_employeeevaluationothers_coworkerreviewitem_pit_init"], "schema": "edw_bv"},
	"bv_raw_pit_vss_days_employeeevaluationothers_coworkerreviewitemtype" : {"dependencies": ["bv_bv_raw_pit_vss_days_employeeevaluationothers_coworkerreviewitemtype_pit_init"], "schema": "edw_bv"},
	"bv_raw_pit_vss_days_employeeevaluationothers_coworkerreviewformtemplate" : {"dependencies": ["bv_bv_raw_pit_vss_days_employeeevaluationothers_coworkerreviewformtemplate_pit_init"], "schema": "edw_bv"},
	"bv_raw_pit_vss_days_employee9boxassessability_coworkerreviewcampaign" : {"dependencies": ["bv_bv_raw_pit_vss_days_employee9boxassessability_coworkerreviewcampaign_pit_init"], "schema": "edw_bv"},
	"bv_raw_pit_vss_days_employee9boxassessability_coworkerreviewitem" : {"dependencies": ["bv_bv_raw_pit_vss_days_employee9boxassessability_coworkerreviewitem_pit_init"], "schema": "edw_bv"},
	"bv_raw_pit_vss_days_employee9boxassessability_coworkerreviewitemtype" : {"dependencies": ["bv_bv_raw_pit_vss_days_employee9boxassessability_coworkerreviewitemtype_pit_init"], "schema": "edw_bv"},
	"bv_raw_pit_vss_days_employee9boxassessability_coworkerreviewformtemplate" : {"dependencies": ["bv_bv_raw_pit_vss_days_employee9boxassessability_coworkerreviewformtemplate_pit_init"], "schema": "edw_bv"},
	"bv_raw_pit_vss_days_employeemobilityreview_coworker" : {"dependencies": ["bv_bv_raw_pit_vss_days_employeemobilityreview_coworker_pit_init"], "schema": "edw_bv"},
	"bv_raw_pit_vss_days_employeemobilityreview_coworkerreviewformtemplate" : {"dependencies": ["bv_bv_raw_pit_vss_days_employeemobilityreview_coworkerreviewformtemplate_pit_init"], "schema": "edw_bv"},
	"bv_raw_pit_vss_days_employeemobilityreview_coworkerreviewcampaign" : {"dependencies": ["bv_bv_raw_pit_vss_days_employeemobilityreview_coworkerreviewcampaign_pit_init"], "schema": "edw_bv"},
	"bv_raw_pit_vss_days_employeegeographicalmobilitylocation_coworkerreviewformtemplate" : {"dependencies": ["bv_bv_raw_pit_vss_days_employeegeographicalmobilitylocation_coworkerreviewformtemplate_pit_init"], "schema": "edw_bv"},
	"bv_raw_pit_vss_days_employeegeographicalmobilitylocation_coworkerreviewcampaign" : {"dependencies": ["bv_bv_raw_pit_vss_days_employeegeographicalmobilitylocation_coworkerreviewcampaign_pit_init"], "schema": "edw_bv"},
	"bv_raw_pit_vss_days_employeefunctionalmobilityinterest_coworkerreviewformtemplate" : {"dependencies": ["bv_bv_raw_pit_vss_days_employeefunctionalmobilityinterest_coworkerreviewformtemplate_pit_init"], "schema": "edw_bv"},
	"bv_raw_pit_vss_days_employeefunctionalmobilityinterest_coworkerreviewcampaign" : {"dependencies": ["bv_bv_raw_pit_vss_days_employeefunctionalmobilityinterest_coworkerreviewcampaign_pit_init"], "schema": "edw_bv"},
	"bv_raw_pit_vss_days_accountcontactee_user_ownerid" : {"dependencies": ["bv_bv_raw_pit_vss_days_accountcontactee_user_ownerid_pit_init"], "schema": "edw_bv"},
	"bv_raw_pit_vss_days_accountcontactee_user_lastmodifiedbyid" : {"dependencies": ["bv_bv_raw_pit_vss_days_accountcontactee_user_lastmodifiedbyid_pit_init"], "schema": "edw_bv"},
	"bv_raw_pit_vss_days_accountcontactee_user_createdbyid" : {"dependencies": ["bv_bv_raw_pit_vss_days_accountcontactee_user_createdbyid_pit_init"], "schema": "edw_bv"},
	"bv_raw_pit_vss_days_ticket_user_ownerid" : {"dependencies": ["bv_bv_raw_pit_vss_days_ticket_user_ownerid_pit_init"], "schema": "edw_bv"},
	"bv_raw_pit_vss_days_ticket_user_lastmodifiedbyid" : {"dependencies": ["bv_bv_raw_pit_vss_days_ticket_user_lastmodifiedbyid_pit_init"], "schema": "edw_bv"},
	"bv_raw_pit_vss_days_ticket_user_createdbyid" : {"dependencies": ["bv_bv_raw_pit_vss_days_ticket_user_createdbyid_pit_init"], "schema": "edw_bv"},
	"bv_raw_pit_vss_days_ticket_contactee" : {"dependencies": ["bv_bv_raw_pit_vss_days_ticket_contactee_pit_init"], "schema": "edw_bv"},
	"bv_raw_pit_vss_days_ticket_accountcontactee" : {"dependencies": ["bv_bv_raw_pit_vss_days_ticket_accountcontactee_pit_init"], "schema": "edw_bv"},
	"bv_raw_pit_vss_days_ticketlog_user_insertedbyid" : {"dependencies": ["bv_bv_raw_pit_vss_days_ticketlog_user_insertedbyid_pit_init"], "schema": "edw_bv"},
	"bv_raw_pit_vss_days_ticketlog_user_createdbyid" : {"dependencies": ["bv_bv_raw_pit_vss_days_ticketlog_user_createdbyid_pit_init"], "schema": "edw_bv"},
	"bv_raw_pit_vss_days_ticketlog_ticket" : {"dependencies": ["bv_bv_raw_pit_vss_days_ticketlog_ticket_pit_init"], "schema": "edw_bv"},
	"bv_raw_pit_vss_days_ticketlog_user" : {"dependencies": ["bv_bv_raw_pit_vss_days_ticketlog_user_pit_init"], "schema": "edw_bv"},
	"bv_raw_pit_vss_days_ticketlog_user_lastmodifiedbyid" : {"dependencies": ["bv_bv_raw_pit_vss_days_ticketlog_user_lastmodifiedbyid_pit_init"], "schema": "edw_bv"},
	"bv_raw_pit_vss_days_contactee_user_ownerid" : {"dependencies": ["bv_bv_raw_pit_vss_days_contactee_user_ownerid_pit_init"], "schema": "edw_bv"},
	"bv_raw_pit_vss_days_contactee_user_lastmodifiedbyid" : {"dependencies": ["bv_bv_raw_pit_vss_days_contactee_user_lastmodifiedbyid_pit_init"], "schema": "edw_bv"},
	"bv_raw_pit_vss_days_contactee_user_createdbyid" : {"dependencies": ["bv_bv_raw_pit_vss_days_contactee_user_createdbyid_pit_init"], "schema": "edw_bv"},
	"bv_raw_pit_vss_days_contactee_accountcontactee" : {"dependencies": ["bv_bv_raw_pit_vss_days_contactee_accountcontactee_pit_init"], "schema": "edw_bv"},
	"bv_raw_pit_vss_days_emailtemplate_user_lastmodifiedbyid" : {"dependencies": ["bv_bv_raw_pit_vss_days_emailtemplate_user_lastmodifiedbyid_pit_init"], "schema": "edw_bv"},
	"bv_raw_pit_vss_days_emailtemplate_user_createdbyid" : {"dependencies": ["bv_bv_raw_pit_vss_days_emailtemplate_user_createdbyid_pit_init"], "schema": "edw_bv"},
	"bv_raw_pit_vss_days_emailtemplate_user_ownerid" : {"dependencies": ["bv_bv_raw_pit_vss_days_emailtemplate_user_ownerid_pit_init"], "schema": "edw_bv"},
	"bv_raw_pit_vss_days_user_contactee" : {"dependencies": ["bv_bv_raw_pit_vss_days_user_contactee_pit_init"], "schema": "edw_bv"},
	"bv_raw_pit_vss_days_user_accountcontactee" : {"dependencies": ["bv_bv_raw_pit_vss_days_user_accountcontactee_pit_init"], "schema": "edw_bv"},
	"bv_raw_pit_vss_days_workorder_user_lastmodifiedbyid" : {"dependencies": ["bv_bv_raw_pit_vss_days_workorder_user_lastmodifiedbyid_pit_init"], "schema": "edw_bv"},
	"bv_raw_pit_vss_days_workorder_user_createdbyid" : {"dependencies": ["bv_bv_raw_pit_vss_days_workorder_user_createdbyid_pit_init"], "schema": "edw_bv"},
	"bv_raw_pit_vss_days_workorder_contactee" : {"dependencies": ["bv_bv_raw_pit_vss_days_workorder_contactee_pit_init"], "schema": "edw_bv"},
	"bv_raw_pit_vss_days_workorder_accountcontactee" : {"dependencies": ["bv_bv_raw_pit_vss_days_workorder_accountcontactee_pit_init"], "schema": "edw_bv"},
	"bv_raw_pit_vss_days_ticket_contactcenterservice" : {"dependencies": ["bv_bv_raw_pit_vss_days_ticket_contactcenterservice_pit_init"], "schema": "edw_bv"},
	"bv_raw_pit_vss_days_ticketlog_emailtemplate" : {"dependencies": ["bv_bv_raw_pit_vss_days_ticketlog_emailtemplate_pit_init"], "schema": "edw_bv"},
	"bv_raw_pit_vss_days_ticketlog_user_lasteditbyid" : {"dependencies": ["bv_bv_raw_pit_vss_days_ticketlog_user_lasteditbyid_pit_init"], "schema": "edw_bv"},
	"bv_raw_pit_vss_days_contactcenterservice_user_lastmodifiedbyid" : {"dependencies": ["bv_bv_raw_pit_vss_days_contactcenterservice_user_lastmodifiedbyid_pit_init"], "schema": "edw_bv"},
	"bv_raw_pit_vss_days_contactcenterservice_user_createdbyid" : {"dependencies": ["bv_bv_raw_pit_vss_days_contactcenterservice_user_createdbyid_pit_init"], "schema": "edw_bv"},
	"bv_raw_pit_vss_days_receiptarticle_receipt" : {"dependencies": ["bv_bv_raw_pit_vss_days_receiptarticle_receipt_pit_init"], "schema": "edw_bv"},
	"bv_raw_pit_vss_days_surveyanswer_surveyquestion" : {"dependencies": ["bv_bv_raw_pit_vss_days_surveyanswer_surveyquestion_pit_init"], "schema": "edw_bv"},
	"bv_raw_pit_vss_days_outboundlogisticorderline_article" : {"dependencies": ["bv_bv_raw_pit_vss_days_outboundlogisticorderline_article_pit_init"], "schema": "edw_bv"},
	"bv_raw_pit_vss_days_forecastmarketcommerce_forecastcommerce" : {"dependencies": ["bv_bv_raw_pit_vss_days_forecastmarketcommerce_forecastcommerce_pit_init"], "schema": "edw_bv"},
	"bv_raw_pit_vss_days_forecastarticlecluster_forecastarticlecollection" : {"dependencies": ["bv_bv_raw_pit_vss_days_forecastarticlecluster_forecastarticlecollection_pit_init"], "schema": "edw_bv"},
	"bv_raw_pit_vss_days_forecastarticlecollection_forecastcollectionpurpose" : {"dependencies": ["bv_bv_raw_pit_vss_days_forecastarticlecollection_forecastcollectionpurpose_pit_init"], "schema": "edw_bv"},
	"bv_raw_pit_vss_days_forecastseasonalperiod_articlemarketcommerce" : {"dependencies": ["bv_bv_raw_pit_vss_days_forecastseasonalperiod_articlemarketcommerce_pit_init"], "schema": "edw_bv"},
	"bv_raw_pit_vss_days_forecastassortment_article" : {"dependencies": ["bv_bv_raw_pit_vss_days_forecastassortment_article_pit_init"], "schema": "edw_bv"},
	"bv_raw_pit_vss_days_articlemarketcommerce_article" : {"dependencies": ["bv_bv_raw_pit_vss_days_articlemarketcommerce_article_pit_init"], "schema": "edw_bv"},
	"bv_raw_pit_vss_days_articlemarketcommerce_forecastmarketcommerce_sfcmarketcode" : {"dependencies": ["bv_bv_raw_pit_vss_days_articlemarketcommerce_forecastmarketcommerce_sfcmarketcode_pit_init"], "schema": "edw_bv"},
	"bv_raw_pit_vss_days_forecastpoint_activitypoint" : {"dependencies": ["bv_bv_raw_pit_vss_days_forecastpoint_activitypoint_pit_init"], "schema": "edw_bv"},
	"bv_raw_pit_vss_days_forecastpoint_forecastmarketcommerce" : {"dependencies": ["bv_bv_raw_pit_vss_days_forecastpoint_forecastmarketcommerce_pit_init"], "schema": "edw_bv"},
	"bv_raw_pit_vss_days_forecastassortment_forecastpoint" : {"dependencies": ["bv_bv_raw_pit_vss_days_forecastassortment_forecastpoint_pit_init"], "schema": "edw_bv"},
	"bv_raw_pit_vss_days_baseproductbatterycontent_retailbaseproduct" : {"dependencies": ["bv_bv_raw_pit_vss_days_baseproductbatterycontent_retailbaseproduct_pit_init"], "schema": "edw_bv"},
	"bv_raw_pit_vss_days_coworker_coworker_coworker" : {"dependencies": ["bv_bv_raw_pit_vss_days_coworker_coworker_coworker_pit_init"], "schema": "edw_bv"},
	"bv_raw_pit_vss_days_article_article_mothertecharticlenumber" : {"dependencies": ["bv_bv_raw_pit_vss_days_article_article_mothertecharticlenumber_pit_init"], "schema": "edw_bv"},
	"bv_raw_pit_vss_days_retailproduct_retailbaseproduct" : {"dependencies": ["bv_bv_raw_pit_vss_days_retailproduct_retailbaseproduct_pit_init"], "schema": "edw_bv"},
	"bv_raw_pit_vss_days_retailarticleoninstorelocationsearch_branch" : {"dependencies": ["bv_bv_raw_pit_vss_days_retailarticleoninstorelocationsearch_branch_pit_init"], "schema": "edw_bv"},
	"bv_raw_pit_vss_days_retailarticleoninstorelocationsearch_article" : {"dependencies": ["bv_bv_raw_pit_vss_days_retailarticleoninstorelocationsearch_article_pit_init"], "schema": "edw_bv"},
	"bv_raw_pit_vss_days_retailarticleoninstorelocationsearch_coworker" : {"dependencies": ["bv_bv_raw_pit_vss_days_retailarticleoninstorelocationsearch_coworker_pit_init"], "schema": "edw_bv"},
	"bv_raw_pit_vss_days_articlelanguagecode_article" : {"dependencies": ["bv_bv_raw_pit_vss_days_articlelanguagecode_article_pit_init"], "schema": "edw_bv"},
	"bv_raw_pit_vss_days_physicaladdressreachability_physicaladdressreachability_physical_address_reachability" : {"dependencies": ["bv_bv_raw_pit_vss_days_physicaladdressreachability_physicaladdressreachability_physical_address_reachability_pit_init"], "schema": "edw_bv"},
	"bv_raw_pit_vss_days_pimarticlebrand" : {"dependencies": ["bv_bv_raw_pit_vss_days_pimarticlebrand_pit_init"], "schema": "edw_bv"},
	"bv_raw_pit_vss_days_edibarcode_article" : {"dependencies": ["bv_bv_raw_pit_vss_days_edibarcode_article_pit_init"], "schema": "edw_bv"},
	"bv_raw_pit_vss_days_artsupplier" : {"dependencies": ["bv_bv_raw_pit_vss_days_artsupplier_pit_init"], "schema": "edw_bv"},
	"bv_raw_pit_vss_days_artlocalbranch" : {"dependencies": ["bv_bv_raw_pit_vss_days_artlocalbranch_pit_init"], "schema": "edw_bv"},
	"bv_raw_pit_vss_days_downtimes" : {"dependencies": ["bv_bv_raw_pit_vss_days_downtimes_pit_init"], "schema": "edw_bv"},
	"bv_raw_pit_vss_days_subscription" : {"dependencies": ["bv_bv_raw_pit_vss_days_subscription_pit_init"], "schema": "edw_bv"},
	"bv_raw_pit_vss_days_product_trade_relation" : {"dependencies": ["bv_bv_raw_pit_vss_days_product_trade_relation_pit_init"], "schema": "edw_bv"},
	"bv_raw_pit_vss_days_colruyt_group_corporate_product_segment_group_bridge" : {"dependencies": ["bv_bv_raw_pit_vss_days_colruyt_group_corporate_product_segment_group_bridge_pit_init"], "schema": "edw_bv"},
	"bv_raw_pit_vss_days_cbh_parentcbh" : {"dependencies": ["bv_bv_raw_pit_vss_days_cbh_parentcbh_pit_init"], "schema": "edw_bv"},
	"bv_raw_pit_vss_days_aggregated_customer_supplier_party_link" : {"dependencies": ["bv_bv_raw_pit_vss_days_aggregated_customer_supplier_party_link_pit_init"], "schema": "edw_bv"},
	"bv_raw_pit_vss_days_forecast_article_in_cluster" : {"dependencies": ["bv_bv_raw_pit_vss_days_forecast_article_in_cluster_pit_init"], "schema": "edw_bv"},
	"bv_raw_pit_vss_days_product_brand_relation" : {"dependencies": ["bv_bv_raw_pit_vss_days_product_brand_relation_pit_init"], "schema": "edw_bv"},
	"bv_raw_pit_vss_days_artlocalbranchplu" : {"dependencies": ["bv_bv_raw_pit_vss_days_artlocalbranchplu_pit_init"], "schema": "edw_bv"},
	"bv_raw_pit_vss_days_business_partner_product" : {"dependencies": ["bv_bv_raw_pit_vss_days_business_partner_product_pit_init"], "schema": "edw_bv"},
	"bv_raw_pit_vss_days_retail_base_product_allergen" : {"dependencies": ["bv_bv_raw_pit_vss_days_retail_base_product_allergen_pit_init"], "schema": "edw_bv"},
	"bv_raw_pit_vss_days_retail_article_on_instore_location_search_event" : {"dependencies": ["bv_bv_raw_pit_vss_days_retail_article_on_instore_location_search_event_pit_init"], "schema": "edw_bv"},
	"lna_functionholder_customerparty" : {"dependencies": ["lna_functionholder_customerparty_init"], "schema": "edw_bv"},
	"las_kartd001oracpc09_functionholder_customerparty" : {"dependencies": ["las_kartd001oracpc09_functionholder_customerparty_init"], "schema": "edw_bv"}
}
